Workbook

Sheet Overview
A1: 2027 New Schools Campaign — Test Plan Dashboard
A2: The Resilience Project | Fill in Pass/Fail column (G) on each sheet — this dashboard updates automatically
A4: TOTAL TESTS | C4: PASSED | E4: FAILED | F4: BLOCKED | G4: NOT RUN | H4: % COMPLETE | J4: PASS RATE
A6: =(COUNTA('TC-01 Bulk Upload'!A2:A197)-COUNTIF('TC-01 Bulk Upload'!A2:A197,"Total")-COUNTIF('TC-01 Bulk Upload'!A2:A197,"TOTALS"))+(COUNTA('TC-02 Enquiry'!A2:A207)-COUNTIF('TC-02 Enquiry'!A2:A207,"Total")-COUNTIF('TC-02 Enquiry'!A2:A207,"TOTALS"))+(COUNTA('TC-03 More Info'!A2:A204)-COUNTIF('TC-03 More Info'!A2:A204,"Total")-COUNTIF('TC-03 More Info'!A2:A204,"TOTALS"))+(COUNTA('TC-04 Conference'!A2:A200)-COUNTIF('TC-04 Conference'!A2:A200,"Total")-COUNTIF('TC-04 Conference'!A2:A200,"TOTALS"))+(COUNTA('TC-05 Conference Enquiry'!A2:A200)-COUNTIF('TC-05 Conference Enquiry'!A2:A200,"Total")-COUNTIF('TC-05 Conference Enquiry'!A2:A200,"TOTALS"))+(COUNTA('TC-06 Teacher Seminar'!A2:A200)-COUNTIF('TC-06 Teacher Seminar'!A2:A200,"Total")-COUNTIF('TC-06 Teacher Seminar'!A2:A200,"TOTALS"))+(COUNTA('TC-07 Live Info'!A2:A200)-COUNTIF('TC-07 Live Info'!A2:A200,"Total")-COUNTIF('TC-07 Live Info'!A2:A200,"TOTALS"))+(COUNTA('XC-01 Enquiry Prospect Flow'!A2:A200)-COUNTIF('XC-01 Enquiry Prospect Flow'!A2:A200,"Total")-COUNTIF('XC-01 Enquiry Prospect Flow'!A2:A200,"TOTALS"))+(COUNTA('XC-02 Lead Flow'!A2:A200)-COUNTIF('XC-02 Lead Flow'!A2:A200,"Total")-COUNTIF('XC-02 Lead Flow'!A2:A200,"TOTALS")) -> 99 | C6: =COUNTIF('TC-01 Bulk Upload'!G:G,"Pass")+COUNTIF('TC-02 Enquiry'!G:G,"Pass")+COUNTIF('TC-03 More Info'!G:G,"Pass")+COUNTIF('TC-04 Conference'!G:G,"Pass")+COUNTIF('TC-05 Conference Enquiry'!G:G,"Pass")+COUNTIF('TC-06 Teacher Seminar'!G:G,"Pass")+COUNTIF('TC-07 Live Info'!G:G,"Pass")+COUNTIF('XC-01 Enquiry Prospect Flow'!G:G,"Pass")+COUNTIF('XC-02 Lead Flow'!G:G,"Pass") -> 0 | E6: =COUNTIF('TC-01 Bulk Upload'!G:G,"Fail")+COUNTIF('TC-02 Enquiry'!G:G,"Fail")+COUNTIF('TC-03 More Info'!G:G,"Fail")+COUNTIF('TC-04 Conference'!G:G,"Fail")+COUNTIF('TC-05 Conference Enquiry'!G:G,"Fail")+COUNTIF('TC-06 Teacher Seminar'!G:G,"Fail")+COUNTIF('TC-07 Live Info'!G:G,"Fail")+COUNTIF('XC-01 Enquiry Prospect Flow'!G:G,"Fail")+COUNTIF('XC-02 Lead Flow'!G:G,"Fail") -> 2 | F6: =COUNTIF('TC-01 Bulk Upload'!G:G,"Blocked")+COUNTIF('TC-02 Enquiry'!G:G,"Blocked")+COUNTIF('TC-03 More Info'!G:G,"Blocked")+COUNTIF('TC-04 Conference'!G:G,"Blocked")+COUNTIF('TC-05 Conference Enquiry'!G:G,"Blocked")+COUNTIF('TC-06 Teacher Seminar'!G:G,"Blocked")+COUNTIF('TC-07 Live Info'!G:G,"Blocked")+COUNTIF('XC-01 Enquiry Prospect Flow'!G:G,"Blocked")+COUNTIF('XC-02 Lead Flow'!G:G,"Blocked") -> 0 | G6: =A6-C6-E6-F6 -> 97 | H6: =IF(A6=0,0,(C6+E6+F6)/A6) -> 0.02020202 | J6: =IF((C6+E6)=0,0,C6/(C6+E6)) -> 0
A8: Scenario | B8: Total | C8: Sheet | D8: Passed | E8: Failed | F8: Blocked | G8: Not Run | H8: Progress | I8: % Complete | J8: Status | L8: Scenario | M8: Passed | N8: Failed | O8: Blocked | P8: Not Run
A9: 1. Bulk Upload - Proactive Prospects | B9: =COUNTA('TC-01 Bulk Upload'!A2:A197)-COUNTIF('TC-01 Bulk Upload'!A2:A197,"Total")-COUNTIF('TC-01 Bulk Upload'!A2:A197,"TOTALS") -> 8 | C9: TC-01 Bulk Upload | D9: =COUNTIF('TC-01 Bulk Upload'!G:G,"Pass") -> 0 | E9: =COUNTIF('TC-01 Bulk Upload'!G:G,"Fail") -> 2 | F9: =COUNTIF('TC-01 Bulk Upload'!G:G,"Blocked") -> 0 | G9: =B9-D9-E9-F9 -> 6 | H9: =IF(B9=0,0,(D9+E9+F9)/B9) -> 0.25 | I9: =IF(B9=0,0,(D9+E9+F9)/B9) -> 0.25 | J9: =IF(I9=0,"Not Started",IF(I9>=1,"Complete","In Progress")) -> In Progress | L9: =A9 -> 1. Bulk Upload - Proactive Prospects | M9: =D9 -> 0 | N9: =E9 -> 2 | O9: =F9 -> 0 | P9: =G9 -> 6
A10: 2. Enquiry Process — "Chat to us" (CJ1) | B10: =COUNTA('TC-02 Enquiry'!A2:A207)-COUNTIF('TC-02 Enquiry'!A2:A207,"Total")-COUNTIF('TC-02 Enquiry'!A2:A207,"TOTALS") -> 17 | C10: TC-02 Enquiry | D10: =COUNTIF('TC-02 Enquiry'!G:G,"Pass") -> 0 | E10: =COUNTIF('TC-02 Enquiry'!G:G,"Fail") -> 0 | F10: =COUNTIF('TC-02 Enquiry'!G:G,"Blocked") -> 0 | G10: =B10-D10-E10-F10 -> 17 | H10: =IF(B10=0,0,(D10+E10+F10)/B10) -> 0 | I10: =IF(B10=0,0,(D10+E10+F10)/B10) -> 0 | J10: =IF(I10=0,"Not Started",IF(I10>=1,"Complete","In Progress")) -> Not Started | L10: =A10 -> 2. Enquiry Process — "Chat to us" (CJ1) | M10: =D10 -> 0 | N10: =E10 -> 0 | O10: =F10 -> 0 | P10: =G10 -> 17
A11: 3. More Information Form - >=500 & <500 (CJ1/CJ3a) | B11: =COUNTA('TC-03 More Info'!A2:A204)-COUNTIF('TC-03 More Info'!A2:A204,"Total")-COUNTIF('TC-03 More Info'!A2:A204,"TOTALS") -> 14 | C11: TC-03 More Info | D11: =COUNTIF('TC-03 More Info'!G:G,"Pass") -> 0 | E11: =COUNTIF('TC-03 More Info'!G:G,"Fail") -> 0 | F11: =COUNTIF('TC-03 More Info'!G:G,"Blocked") -> 0 | G11: =B11-D11-E11-F11 -> 14 | H11: =IF(B11=0,0,(D11+E11+F11)/B11) -> 0 | I11: =IF(B11=0,0,(D11+E11+F11)/B11) -> 0 | J11: =IF(I11=0,"Not Started",IF(I11>=1,"Complete","In Progress")) -> Not Started | L11: =A11 -> 3. More Information Form - >=500 & <500 (CJ1/CJ3a) | M11: =D11 -> 0 | N11: =E11 -> 0 | O11: =F11 -> 0 | P11: =G11 -> 14
A12: 4. Conferences — Delegates, Prize Pack (CJ2b) | B12: =COUNTA('TC-04 Conference'!A2:A200)-COUNTIF('TC-04 Conference'!A2:A200,"Total")-COUNTIF('TC-04 Conference'!A2:A200,"TOTALS") -> 10 | C12: TC-04 Conference | D12: =COUNTIF('TC-04 Conference'!G:G,"Pass") -> 0 | E12: =COUNTIF('TC-04 Conference'!G:G,"Fail") -> 0 | F12: =COUNTIF('TC-04 Conference'!G:G,"Blocked") -> 0 | G12: =B12-D12-E12-F12 -> 10 | H12: =IF(B12=0,0,(D12+E12+F12)/B12) -> 0 | I12: =IF(B12=0,0,(D12+E12+F12)/B12) -> 0 | J12: =IF(I12=0,"Not Started",IF(I12>=1,"Complete","In Progress")) -> Not Started | L12: =A12 -> 4. Conferences — Delegates, Prize Pack (CJ2b) | M12: =D12 -> 0 | N12: =E12 -> 0 | O12: =F12 -> 0 | P12: =G12 -> 10
A13: 5. Conferences - Enquiry (CJ3c) | B13: =COUNTA('TC-05 Conference Enquiry'!A2:A200)-COUNTIF('TC-05 Conference Enquiry'!A2:A200,"Total")-COUNTIF('TC-05 Conference Enquiry'!A2:A200,"TOTALS") -> 10 | C13: TC-05 Conference Enquiry | D13: =COUNTIF('TC-05 Conference Enquiry'!G:G,"Pass") -> 0 | E13: =COUNTIF('TC-05 Conference Enquiry'!G:G,"Fail") -> 0 | F13: =COUNTIF('TC-05 Conference Enquiry'!G:G,"Blocked") -> 0 | G13: =B13-D13-E13-F13 -> 10 | H13: =IF(B13=0,0,(D13+E13+F13)/B13) -> 0 | I13: =IF(B13=0,0,(D13+E13+F13)/B13) -> 0 | J13: =IF(I13=0,"Not Started",IF(I13>=1,"Complete","In Progress")) -> Not Started | L13: =A13 -> 5. Conferences - Enquiry (CJ3c) | M13: =D13 -> 0 | N13: =E13 -> 0 | O13: =F13 -> 0 | P13: =G13 -> 10
A14: 6. Teacher Seminar — Attendance (CJ3b) | B14: =COUNTA('TC-06 Teacher Seminar'!A2:A200)-COUNTIF('TC-06 Teacher Seminar'!A2:A200,"Total")-COUNTIF('TC-06 Teacher Seminar'!A2:A200,"TOTALS") -> 10 | C14: TC-06 Teacher Seminar | D14: =COUNTIF('TC-06 Teacher Seminar'!G:G,"Pass") -> 0 | E14: =COUNTIF('TC-06 Teacher Seminar'!G:G,"Fail") -> 0 | F14: =COUNTIF('TC-06 Teacher Seminar'!G:G,"Blocked") -> 0 | G14: =B14-D14-E14-F14 -> 10 | H14: =IF(B14=0,0,(D14+E14+F14)/B14) -> 0 | I14: =IF(B14=0,0,(D14+E14+F14)/B14) -> 0 | J14: =IF(I14=0,"Not Started",IF(I14>=1,"Complete","In Progress")) -> Not Started | L14: =A14 -> 6. Teacher Seminar — Attendance (CJ3b) | M14: =D14 -> 0 | N14: =E14 -> 0 | O14: =F14 -> 0 | P14: =G14 -> 10
A15: 7. Live Info Session — Registration (CJ3a/3b) | B15: =COUNTA('TC-07 Live Info'!A2:A200)-COUNTIF('TC-07 Live Info'!A2:A200,"Total")-COUNTIF('TC-07 Live Info'!A2:A200,"TOTALS") -> 10 | C15: TC-07 Live Info | D15: =COUNTIF('TC-07 Live Info'!G:G,"Pass") -> 0 | E15: =COUNTIF('TC-07 Live Info'!G:G,"Fail") -> 0 | F15: =COUNTIF('TC-07 Live Info'!G:G,"Blocked") -> 0 | G15: =B15-D15-E15-F15 -> 10 | H15: =IF(B15=0,0,(D15+E15+F15)/B15) -> 0 | I15: =IF(B15=0,0,(D15+E15+F15)/B15) -> 0 | J15: =IF(I15=0,"Not Started",IF(I15>=1,"Complete","In Progress")) -> Not Started | L15: =A15 -> 7. Live Info Session — Registration (CJ3a/3b) | M15: =D15 -> 0 | N15: =E15 -> 0 | O15: =F15 -> 0 | P15: =G15 -> 10
A16: 8. XC-01. Prospect Flow >= 500 (Cross Cutting) | B16: =COUNTA('XC-01 Enquiry Prospect Flow'!A2:A200)-COUNTIF('XC-01 Enquiry Prospect Flow'!A2:A200,"Total")-COUNTIF('XC-01 Enquiry Prospect Flow'!A2:A200,"TOTALS") -> 10 | C16: XC-01 Enquiry Prospect Flow | D16: =COUNTIF('XC-01 Enquiry Prospect Flow'!G:G,"Pass") -> 0 | E16: =COUNTIF('XC-01 Enquiry Prospect Flow'!G:G,"Fail") -> 0 | F16: =COUNTIF('XC-01 Enquiry Prospect Flow'!G:G,"Blocked") -> 0 | G16: =B16-D16-E16-F16 -> 10 | H16: =IF(B16=0,0,(D16+E16+F16)/B16) -> 0 | I16: =IF(B16=0,0,(D16+E16+F16)/B16) -> 0 | J16: =IF(I16=0,"Not Started",IF(I16>=1,"Complete","In Progress")) -> Not Started | L16: =A16 -> 8. XC-01. Prospect Flow >= 500 (Cross Cutting) | M16: =D16 -> 0 | N16: =E16 -> 0 | O16: =F16 -> 0 | P16: =G16 -> 10
A17: 9. XC-02. Lead Flow <500 (Cross Cutting) | B17: =COUNTA('XC-02 Lead Flow'!A2:A200)-COUNTIF('XC-02 Lead Flow'!A2:A200,"Total")-COUNTIF('XC-02 Lead Flow'!A2:A200,"TOTALS") -> 10 | C17: XC-02 Lead Flow | D17: =COUNTIF('XC-02 Lead Flow'!G:G,"Pass") -> 0 | E17: =COUNTIF('XC-02 Lead Flow'!G:G,"Fail") -> 0 | F17: =COUNTIF('XC-02 Lead Flow'!G:G,"Blocked") -> 0 | G17: =B17-D17-E17-F17 -> 10 | H17: =IF(B17=0,0,(D17+E17+F17)/B17) -> 0 | I17: =IF(B17=0,0,(D17+E17+F17)/B17) -> 0 | J17: =IF(I17=0,"Not Started",IF(I17>=1,"Complete","In Progress")) -> Not Started | L17: =A17 -> 9. XC-02. Lead Flow <500 (Cross Cutting) | M17: =D17 -> 0 | N17: =E17 -> 0 | O17: =F17 -> 0 | P17: =G17 -> 10
A18: TOTALS | B18: =SUM(B9:B17) -> 99 | D18: =SUM(D9:D17) -> 0 | E18: =SUM(E9:E17) -> 2 | F18: =SUM(F9:F17) -> 0 | G18: =SUM(G9:G17) -> 97 | I18: =IF(B18=0,0,(D18+E18+F18)/B18) -> 0.02020202 | J18: =IF(I18=0,"Not Started",IF(I18>=1,"Complete","In Progress")) -> In Progress
A20: How to use
A21: 1. Go to each test case sheet (TC-01 through XC-02)
A22: 2. Execute each test and enter "Pass", "Fail", or "Blocked" in column G
A23: 3. Dashboard updates automatically. CJ references map to Phase 1 customer journeys.

Sheet TC-01 Bulk Upload
A1: Test Case ID | B1: Feature / Scenario | C1: Pre-conditions | D1: Test Steps | E1: Expected Result | F1: Actual Result | G1: Pass / Fail | H1: Type (New/Regression) | I1: Notes / Questions
A2: ="BU-"&TEXT(ROW()-1,"000") -> BU-001 | B2: Excel Upload — File Structure Validation | C2: Excel file prepared with columns: SchoolID, ContactID, Assignee, Expected Close Date, School Type (School New / School Existing) | D2: 1. Open upload script 2. Select the prepared Excel file 3. Verify file is accepted without errors | E2: Script accepts the file and displays column mapping confirmation. All required columns are recognised. | G2: Fail | H2: New
A3: ="BU-"&TEXT(ROW()-1,"000") -> BU-002 | B3: Single Record Upload — Test Mode | C3: Excel file with at least 1 valid record. Script in single-record test mode. | D3: 1. Open the newly created deal in CRM 2. Verify deal name 3. Verify status 4. Verify Assignee 5. Verify Expected Close Date 6. Verify School Type 7. Open associated Organisation 8. Verify 2027 Confirmation Status | E3: Deal name = '2027 School Partnership Program' Status = NEW Assignee matches Excel Expected Close Date matches Excel School Type = 'School New' or 'School Existing' per Excel Organisation 2027 Confirmation Status = Prospect | G3: Fail | H3: New
A4: ="BU-"&TEXT(ROW()-1,"000") -> BU-003 | B4: Single Record — Deal Field Mapping | C4: Single test record uploaded successfully (BU-002 passed). | D4: 1. Open the newly created deal in CRM 2. Verify deal name 3. Verify status 4. Verify Assignee 5. Verify Expected Close Date 6. Verify School Type 7. Open associated Organisation 8. Verify 2027 Confirmation Status | E4: Deal name = '2027 School Partnership Program' Status = NEW Assignee matches Excel Expected Close Date matches Excel School Type = 'School New' or 'School Existing' per Excel Organisation 2027 Confirmation Status = Prospect | H4: New
A5: ="BU-"&TEXT(ROW()-1,"000") -> BU-004 | B5: Single Record — Proactive Tag | C5: Single test record uploaded successfully (BU-002 passed). | D5: 1. Open the associated Contact record in CRM (using ContactID from Excel) 2. Navigate to Forms Completed section on the Contact 3. Check for Proactive tag | E5: Contact is tagged in Forms Completed with the 'Proactive' tag. | H5: New
A6: ="BU-"&TEXT(ROW()-1,"000") -> BU-005 | B6: Full Batch Upload — All Records | C6: Excel file with all school records. Single record test passed (BU-002 to BU-004). | D6: 1. Select 'Upload all records' option in script 2. Run the full batch upload 3. Wait for script completion 4. Note total records processed | E6: Script completes without errors. Number of deals created matches the number of rows in the Excel file. | H6: New
A7: ="BU-"&TEXT(ROW()-1,"000") -> BU-006 | B7: Full Batch — Record Count Verification | C7: Full batch upload completed (BU-005 passed). | D7: 1. Count total rows in original Excel file (excluding header) 2. In CRM, filter deals where Contact Forms Completed = Proactive 3. Count the filtered results 4. Compare counts | E7: Number of deals returned by the Proactive filter = number of data rows in Excel sheet. No duplicates, no missing records. | H7: New
A8: ="BU-"&TEXT(ROW()-1,"000") -> BU-007 | B8: Full Batch — Spot Check Field Mapping | C8: Full batch upload completed (BU-005 passed). | D8: 1. Select 3–5 random deals from the batch 2. Cross-reference each against the original Excel row 3. Verify: Deal Name, Status, Assignee, Expected Close Date, School Type, Proactive tag | E8: All spot-checked deals have correct field mapping: - Name = '2027 School Partnership Program' - Status = NEW - Assignee, Close Date, School Type match Excel - Associated Contact has Proactive tag in Forms Completed - Organisation 2027 Confirmation Status = Prospect | H8: New
A9: ="BU-"&TEXT(ROW()-1,"000") -> BU-008 | B9: Full Batch — School Type Handling | C9: Full batch upload completed (BU-005 passed). Excel contains both 'School New' and 'School Existing' records. | D9: 1. Filter CRM deals by School Type = 'School New' 2. Filter CRM deals by School Type = 'School Existing' 3. Compare counts to Excel file | E9: School New count in CRM matches count of 'School New' rows in Excel. School Existing count in CRM matches count of 'School Existing' rows in Excel. | H9: New
A10: Total | G10: =COUNTA(G2:G9)&" of "&COUNTA(A2:A9)&" completed" -> 2 of 8 completed

Sheet TC-02 Enquiry
A1: Test Case ID | B1: Feature / Scenario | C1: Pre-conditions | D1: Test Steps | E1: Expected Result | F1: Actual Result | G1: Pass / Fail | H1: Type (New/Regression) | I1: Notes / Questions
A2: ="ENQ-"&TEXT(ROW()-1,"000") -> ENQ-001 | B2: Enquiry Form — Minimum Required Fields | C2: Enquiry form is accessible on the website. User is a new contact not in CRM. | D2: 1. Navigate to the enquiry form 2. Enter First Name 3. Enter Last Name 4. Enter Email 5. Enter Phone 6. Select School (or type school name) 7. Enter Number of Students at School 8. Select State 9. Enter Enquiry message 10. Select 'How did you hear about us' 11. Submit the form | E2: Form submits successfully. Confirmation message displayed to the user. | H2: Regression
A3: ="ENQ-"&TEXT(ROW()-1,"000") -> ENQ-002 | B3: Contact Creation — New Contact | C3: Enquiry form submitted (ENQ-001 passed). Contact does not exist in CRM. | D3: 1. Search CRM for the submitted email address 2. Open the Contact record 3. Verify First Name, Last Name, Email, Phone 4. Check Forms Completed tags 5. Check Lead Source field | E3: New Contact created with correct First Name, Last Name, Email, Phone. Forms Completed = 'Enquiry' tag present. Lead Source matches the 'How did you hear about us' selection. | H3: Regression
A4: ="ENQ-"&TEXT(ROW()-1,"000") -> ENQ-003 | B4: Contact Update — Existing Contact | C4: Contact already exists in CRM. Submit enquiry form using existing contact's email. | D4: 1. Submit enquiry form with an existing contact's email 2. Open the Contact record in CRM 3. Verify fields are updated (not duplicated) 4. Check Forms Completed tags 5. Check Lead Source | E4: Existing Contact is updated (not duplicated). Forms Completed = 'Enquiry' tag added. Lead Source updated to match 'How did you hear about us'. First Name, Last Name, Email, Phone reflect latest submission. | H4: Regression
A5: ="ENQ-"&TEXT(ROW()-1,"000") -> ENQ-004 | B5: Organisation — Creation / Update | C5: Enquiry form submitted (ENQ-001 passed). | D5: 1. Open the associated Organisation in CRM (linked via School) 2. Check 2027 Confirmation Status 3. Check Sales Event | E5: Organisation created or updated. 2027 Confirmation Status = New Prospect Sales Event = Enquiry | H5: New
A6: ="ENQ-"&TEXT(ROW()-1,"000") -> ENQ-005 | B6: Enquiry Record — Creation | C6: Enquiry form submitted (ENQ-001 passed). | D6: 1. Search CRM for enquiry records linked to the contact 2. Open the Enquiry record 3. Verify status 4. Verify Enquiry Date | E6: Enquiry record created. Status = New Enquiry Enquiry Date = date of form submission. | H6: Regression
A7: ="ENQ-"&TEXT(ROW()-1,"000") -> ENQ-006 | B7: Deal — Creation | C7: Enquiry form submitted (ENQ-001 passed). | D7: 1. Search CRM for deals linked to the contact/organisation 2. Open the Deal record 3. Verify deal stage 4. Verify Expected Close Date | E7: Deal created at stage = NEW. Expected Close Date = 2 weeks from today (submission date). | H7: Regression
A8: ="ENQ-"&TEXT(ROW()-1,"000") -> ENQ-007 | B8: Assignment — NSW/QLD → Brendan | C8: Enquiry form submitted with State = NSW or QLD. | D8: 1. Submit enquiry form with State = NSW 2. Open the Enquiry record — check Assignee 3. Open the Contact — check Assignee 4. Open the Organisation — check Assignee 5. Open the Deal — check Assignee | E8: All records (Enquiry, Contact, Organisation, Deal) are assigned to Brendan. | H8: Regression
A9: ="ENQ-"&TEXT(ROW()-1,"000") -> ENQ-008 | B9: Assignment — Other States → Laura | C9: Enquiry form submitted with State ≠ NSW/QLD (e.g. VIC, SA, WA, TAS, NT, ACT). | D9: 1. Submit enquiry form with State = VIC 2. Open the Enquiry record — check Assignee 3. Open the Contact — check Assignee 4. Open the Organisation — check Assignee 5. Open the Deal — check Assignee | E9: All records (Enquiry, Contact, Organisation, Deal) are assigned to Laura. | H9: Regression
A10: ="ENQ-"&TEXT(ROW()-1,"000") -> ENQ-009 | B10: Form Validation — Required Fields Missing | C10: Enquiry form is accessible. | D10: 1. Attempt to submit form with First Name blank 2. Attempt to submit form with Email blank 3. Attempt to submit form with School blank 4. Attempt to submit form with State not selected 5. Attempt to submit form with each required field missing individually | E10: Form does not submit. Validation errors displayed for each missing required field. No records created in CRM. | H10: Regression
A11: ="ENQ-"&TEXT(ROW()-1,"000") -> ENQ-010 | B11: School Selection — Type-in vs Select | C11: Enquiry form is accessible. CRM has existing schools. | D11: 1. Submit form selecting an existing school from dropdown 2. Verify Organisation links to correct existing school 3. Submit a second form typing in a new school name 4. Verify new Organisation is created | E11: Existing school: Organisation links to the correct existing record (no duplicate). New school name: New Organisation created with the typed name. Both: 2027 Confirmation Status = New Prospect, 2026 Sales Event = Enquiry. | H11: Regression
A12: ="ENQ-"&TEXT(ROW()-1,"000") -> ENQ-011 | B12: Existing Org — New Assignee (Maddie/Laura/Brendan/Vic) → Deal Created | C12: Organisation already exists in vTiger. Current Org Assignee is Maddie, Laura, Brendan, or Vic. | D12: 1. Submit enquiry form using a school linked to an existing Organisation 2. Verify Org Assignee is one of: Maddie, Laura, Brendan, or Vic 3. Check if a Deal is created 4. Verify Deal stage and Expected Close Date | E12: Organisation is treated as NEW. Deal is created at stage = NEW with Expected Close Date = 2 weeks from today. Enquiry, Contact, Org updated as per standard flow. | H12: Regression | I12: Assignee check: Maddie, Laura, Brendan, Vic = new school pathway
A13: ="ENQ-"&TEXT(ROW()-1,"000") -> ENQ-012 | B13: Existing Org — Other Assignee → No Deal Created | C13: Organisation already exists in vTiger. Current Org Assignee is NOT Maddie, Laura, Brendan, or Vic (e.g. assigned to another user). | D13: 1. Submit enquiry form using a school linked to an existing Organisation 2. Verify Org Assignee is NOT one of: Maddie, Laura, Brendan, or Vic 3. Check that no Deal is created 4. Open the Enquiry record — check Assignee matches Org Assignee 5. Open the Contact — check Assignee matches Org Assignee | E13: Organisation is treated as EXISTING. No Deal is created. Enquiry record created at status = New Enquiry. Contact updated with Forms Completed = Enquiry tag. Contact and Enquiry assigned to whoever the Org is currently assigned to (inherits Org assignee). | H13: Regression | I13: Existing school pathway — deal suppressed
A14: ="ENQ-"&TEXT(ROW()-1,"000") -> ENQ-013 | B14: Existing Org — Assignee Boundary Check | C14: Two existing Organisations: one assigned to Vic, one assigned to an unrelated user (e.g. Admin). | D14: 1. Submit enquiry for Org assigned to Vic → verify Deal IS created 2. Submit enquiry for Org assigned to Admin → verify Deal is NOT created 3. Compare both outcomes | E14: Vic Org: Deal created (new pathway). Contact and Enquiry assigned per state rules (Brendan or Laura). Admin Org: No Deal created (existing pathway). Contact and Enquiry assigned to Admin (inherits Org assignee). Both: Enquiry record created, Contact updated, Org fields updated. | H14: Regression | I14: Side-by-side comparison of both pathways
A15: ="ENQ-"&TEXT(ROW()-1,"000") -> ENQ-014 | B15: Automated Thank You Email — Triggered on Submission | C15: Enquiry form submitted successfully (ENQ-001 passed). Valid email address provided. | D15: 1. Submit enquiry form with valid email 2. Check the email inbox of the submitted address 3. Verify email received 4. Check email content and sender | E15: Automated email received with message: 'Thanks for your enquiry. Our team have received it and will get back to you shortly.' Email sent promptly after submission. | H15: Regression
A16: ="ENQ-"&TEXT(ROW()-1,"000") -> ENQ-015 | B16: Automated Email — Not Sent on Existing Org (No Deal) | C16: Enquiry submitted for an existing Org where assignee is not Maddie/Laura/Brendan/Vic (no deal created). | D16: 1. Submit enquiry for an existing Org (existing pathway) 2. Check email inbox 3. Verify whether automated email is sent | E16: Confirm expected behaviour: does the thank you email still send for existing Org enquiries, or only when a deal is created? Document actual behaviour. | H16: Regression | I16: Clarify expected behaviour with team
A17: ="ENQ-"&TEXT(ROW()-1,"000") -> ENQ-016 | B17: G&D Manual Tailored Email — Sent to All Enquiries | C17: Enquiry submitted and visible in CRM. G&D team member has access. | D17: 1. G&D team member opens the new Enquiry in CRM 2. Reviews enquiry details and school info 3. Sends a manually tailored email response to the contact 4. Verify email is received by the contact | E17: Contact receives a personalised email from G&D. This is a manual process — verify G&D has visibility of all new enquiries and a workflow/view to action them. | H17: New | I17: Manual process — not automated
A18: ="ENQ-"&TEXT(ROW()-1,"000") -> ENQ-017 | B18: Prospect Status — Deal Created (New School) | C18: Enquiry submitted for a new school. Deal created at stage = NEW (ENQ-006 passed). | D18: 1. Open the Organisation in CRM 2. Verify 2027 Confirmation Status 3. Open the Deal 4. Verify the contact is now treated as a prospect in the pipeline | E18: Organisation 2027 Confirmation Status = New Prospect. Deal exists at stage = NEW. Contact is in the sales pipeline as a prospect. | H18: Regression
A19: Total | G19: =COUNTA(EnquiryTests[Pass / Fail])&" of "&ROWS(EnquiryTests[Pass / Fail])&" completed" -> 0 of 17 completed | I19: =SUBTOTAL(103,EnquiryTests[Notes / Questions]) -> 5

Sheet TC-03 More Info
A1: Test Case ID | B1: Feature / Scenario | C1: Pre-conditions | D1: Test Steps | E1: Expected Result | F1: Actual Result | G1: Pass / Fail | H1: Type (New/Regression) | I1: Notes / Questions
A2: ="MI-"&TEXT(ROW()-1,"000") -> MI-001 | B2: More Info Form — Required Fields Submission | C2: More Information form is accessible on the website. | D2: 1. Navigate to the More Information form 2. Enter First Name, Last Name 3. Enter Email, Mobile 4. Enter Role 5. Select School (or type school name if not listed) 6. Select State 7. Enter Number of Students 8. Select 'How did you hear about us' 9. Submit the form | E2: Form submits successfully. User is redirected to the More Information page with CTA to book a meeting. | H2: New
A3: ="MI-"&TEXT(ROW()-1,"000") -> MI-002 | B3: Contact — Creation / Update | C3: More Info form submitted (MI-001 passed). | D3: 1. Search CRM for the submitted email address 2. Open the Contact record 3. Verify First Name, Last Name, Email, Mobile, Role 4. Check Forms Completed tags 5. Check Lead Source | E3: Contact created or updated (not duplicated). Forms Completed = 'More Info' tag present. Lead Source matches 'How did you hear about us'. All fields match form submission. | H3: Regression
A4: ="MI-"&TEXT(ROW()-1,"000") -> MI-003 | B4: Organisation — Creation / Update | C4: More Info form submitted (MI-001 passed). | D4: 1. Open the associated Organisation in CRM 2. Check 2027 Confirmation Status 3. Check 2026 Sales Event 4. Verify school name and linkage | E4: Organisation created or updated. 2027 Confirmation Status = ?? 2026 Sales Event = ?? School linked correctly. | H4: Regression | I4: ⚠️ TBD: What should the Org status be for More Info submissions? New Prospect? Different from Enquiry?
A5: ="MI-"&TEXT(ROW()-1,"000") -> MI-004 | B5: Assignment — NSW/QLD → Brendan, Other → Laura | C5: More Info form submitted (MI-001 passed). | D5: 1. Submit form with State = NSW → check Assignee on Contact, Org, Deal (if created) 2. Submit form with State = VIC → check Assignee on Contact, Org | E5: NSW/QLD: All records assigned to Brendan. Other states: All records assigned to Laura. Same logic as Enquiry flow. | H5: Regression
A6: ="MI-"&TEXT(ROW()-1,"000") -> MI-005 | B6: ≥500 Students — Deal Created at NEW | C6: More Info form submitted with Number of Students ≥ 500. | D6: 1. Verify Number of Students ≥ 500 2. Search CRM for deals linked to the contact/organisation 3. Open the Deal record 4. Verify deal stage 5. Verify Expected Close Date | E6: Deal created at stage = NEW. Expected Close Date = xx weeks from today. Deal visible to G&D for manual nurture to book a meeting. | H6: New
A7: ="MI-"&TEXT(ROW()-1,"000") -> MI-006 | B7: ≥500 Students — Redirect to More Info Page with Meeting CTA | C7: More Info form submitted with ≥500 students (MI-005 passed). | D7: 1. After form submission, observe the redirect 2. Verify landing page content 3. Verify CTA to book a meeting is visible and functional | E7: User redirected to More Information page. Page contains CTA to book a meeting. CTA link is working. | H7: New
A8: ="MI-"&TEXT(ROW()-1,"000") -> MI-007 | B8: <500 Students — No Deal Created, Contact Fields Updated | C8: More Info form submitted with Number of Students < 500. | D8: 1. Verify Number of Students < 500 2. Search CRM for deals — confirm NO deal is created 3. Open the Contact record 4. Check Life Cycle Stage 5. Check Contact Status 6. Check 'More Info Requested on Date' field | E8: No Deal created. Contact Life Cycle Stage = Lead. Contact Status = HOT. More Info Requested on Date = today's date (form submission date). | H8: New | I8: More Info Requested on Date is used as workflow trigger
A9: ="MI-"&TEXT(ROW()-1,"000") -> MI-008 | B9: <500 Students — Automated Email 1: Thank You + Link | C9: More Info form submitted with <500 students. Contact Status = HOT (MI-007 passed). | D9: 1. Check contact's email inbox after form submission 2. Verify email content 3. Verify CTA links to Live Info Session registration | E9: Automated email received: 'Thank you for registering — here's the link.' CTA to register for a Live Information Session. | H9: New | I9: ⚠️ TBD: What is the cadence? Sent immediately on submission?
A10: ="MI-"&TEXT(ROW()-1,"000") -> MI-009 | B10: <500 Students — Automated Email 2: Video + Impact | C10: First automated email sent (MI-008 passed). | D10: 1. Wait for the second email cadence 2. Check contact's email inbox 3. Verify email includes video link of program in action 4. Verify email highlights impact of program 5. Verify CTA to register for Live Info Session | E10: Second automated email received with: - Video link to program in action - Impact highlights - CTA to register for Live Info Session. | H10: New | I10: ⚠️ TBD: How many days after Email 1?
A11: ="MI-"&TEXT(ROW()-1,"000") -> MI-010 | B11: <500 Students — Automated Email 3: Live Info Details | C11: Second automated email sent (MI-009 passed). | D11: 1. Wait for the third email cadence 2. Check contact's email inbox 3. Verify email contains further details of Live Info Session 4. Verify CTA to register 5. Check value proposition content | E11: Third automated email received with: - Further details of Live Info Session - Dependent on value proposition - CTA to register for Live Info Session. | H11: New | I11: ⚠️ TBD: How many days after Email 2?
A12: ="MI-"&TEXT(ROW()-1,"000") -> MI-011 | B12: <500 Students — No Response → Contact Status WARM | C12: All 3 automated emails sent (MI-008 to MI-010 passed). Contact has NOT clicked any CTA or registered for Live Info Session. | D12: 1. Wait until all 3 email cadences have completed 2. Verify contact has not registered for a Live Info Session 3. Check Contact Status in CRM | E12: Contact Status automatically changed from HOT → WARM. No further automated emails sent. | H12: New | I12: ⚠️ TBD: How long after final email before WARM status triggers?
A13: ="MI-"&TEXT(ROW()-1,"000") -> MI-012 | B13: <500 Students — CTA Clicked → Live Info Registration | C13: Contact received automated emails (MI-008 to MI-010). Contact clicks CTA and registers for a Live Information Session. | D13: 1. Contact clicks CTA link in any of the 3 emails 2. Registers for a Live Information Session 3. Open Organisation in CRM — check 2026 Sales Event 4. Check Contact Status | E13: Contact registers for Live Info Session. Organisation 2026 Sales Event = '2026 Live Information Session'. Contact Status remains HOT (not moved to WARM). | H13: New
A14: ="MI-"&TEXT(ROW()-1,"000") -> MI-013 | B14: Existing Org — Assignee Logic (Same as Enquiry) | C14: Organisation already exists in CRM. More Info form submitted using existing school. | D14: 1. Check current Org Assignee 2. If Assignee = Maddie/Laura/Brendan/Vic → treated as new 3. If Assignee = other → treated as existing 4. Verify deal creation logic matches Enquiry flow | E14: New assignee (Maddie/Laura/Brendan/Vic): follows ≥500 or <500 pathway as normal. Other assignee: treated as existing — Contact and Enquiry assigned to current Org assignee. Confirm deal creation behaviour. | H14: Regression | I14: Same assignee logic as TC-02 Enquiry
A15: ="MI-"&TEXT(ROW()-1,"000") -> MI-014 | B15: Form Validation — Required Fields Missing | C15: More Information form is accessible. | D15: 1. Attempt to submit with each required field blank individually: - First Name, Last Name, Email, Mobile - Role, School, State - Number of Students, How did you hear about us | E15: Form does not submit. Validation errors displayed for each missing required field. No records created in CRM. | H15: Regression
A16: Total | G16: =COUNTA(G2:G15)&" of "&COUNTA(A2:A15)&" completed" -> 0 of 14 completed | I16: =SUBTOTAL(103,MoreInfoTests[Notes / Questions]) -> 7

Sheet TC-04 Conference
A1: Test Case ID | B1: Feature / Scenario | C1: Pre-conditions | D1: Test Steps | E1: Expected Result | F1: Actual Result | G1: Pass / Fail | H1: Type (New/Regression) | I1: Notes / Questions
A2: ="CONF-"&TEXT(ROW()-1,"000") -> CONF-001
A3: ="CONF-"&TEXT(ROW()-1,"000") -> CONF-002
A4: ="CONF-"&TEXT(ROW()-1,"000") -> CONF-003
A5: ="CONF-"&TEXT(ROW()-1,"000") -> CONF-004
A6: ="CONF-"&TEXT(ROW()-1,"000") -> CONF-005
A7: ="CONF-"&TEXT(ROW()-1,"000") -> CONF-006
A8: ="CONF-"&TEXT(ROW()-1,"000") -> CONF-007
A9: ="CONF-"&TEXT(ROW()-1,"000") -> CONF-008
A10: ="CONF-"&TEXT(ROW()-1,"000") -> CONF-009
A11: ="CONF-"&TEXT(ROW()-1,"000") -> CONF-010
A12: Total | G12: =COUNTA(G2:G11)&" of "&COUNTA(A2:A11)&" completed" -> 0 of 10 completed | I12: =SUBTOTAL(103,ConferenceTests[Notes / Questions]) -> 0

Sheet TC-05 Conference Enquiry
A1: Test Case ID | B1: Feature / Scenario | C1: Pre-conditions | D1: Test Steps | E1: Expected Result | F1: Actual Result | G1: Pass / Fail | H1: Type (New/Regression) | I1: Notes / Questions
A2: ="CE-"&TEXT(ROW()-1,"000") -> CE-001
A3: ="CE-"&TEXT(ROW()-1,"000") -> CE-002
A4: ="CE-"&TEXT(ROW()-1,"000") -> CE-003
A5: ="CE-"&TEXT(ROW()-1,"000") -> CE-004
A6: ="CE-"&TEXT(ROW()-1,"000") -> CE-005
A7: ="CE-"&TEXT(ROW()-1,"000") -> CE-006
A8: ="CE-"&TEXT(ROW()-1,"000") -> CE-007
A9: ="CE-"&TEXT(ROW()-1,"000") -> CE-008
A10: ="CE-"&TEXT(ROW()-1,"000") -> CE-009
A11: ="CE-"&TEXT(ROW()-1,"000") -> CE-010
A12: Total | G12: =COUNTA(G2:G11)&" of "&COUNTA(A2:A11)&" completed" -> 0 of 10 completed | I12: =SUBTOTAL(103,ConferenceTests10[Notes / Questions]) -> 0

Sheet TC-06 Teacher Seminar
A1: Test Case ID | B1: Feature / Scenario | C1: Pre-conditions | D1: Test Steps | E1: Expected Result | F1: Actual Result | G1: Pass / Fail | H1: Type (New/Regression) | I1: Notes / Questions
A2: ="TS-"&TEXT(ROW()-1,"000") -> TS-001
A3: ="TS-"&TEXT(ROW()-1,"000") -> TS-002
A4: ="TS-"&TEXT(ROW()-1,"000") -> TS-003
A5: ="TS-"&TEXT(ROW()-1,"000") -> TS-004
A6: ="TS-"&TEXT(ROW()-1,"000") -> TS-005
A7: ="TS-"&TEXT(ROW()-1,"000") -> TS-006
A8: ="TS-"&TEXT(ROW()-1,"000") -> TS-007
A9: ="TS-"&TEXT(ROW()-1,"000") -> TS-008
A10: ="TS-"&TEXT(ROW()-1,"000") -> TS-009
A11: ="TS-"&TEXT(ROW()-1,"000") -> TS-010
A12: Total | G12: =COUNTA(G2:G11)&" of "&COUNTA(A2:A11)&" completed" -> 0 of 10 completed | I12: =SUBTOTAL(103,TeacherSeminarTests[Notes / Questions]) -> 0

Sheet TC-07 Live Info
A1: Test Case ID | B1: Feature / Scenario | C1: Pre-conditions | D1: Test Steps | E1: Expected Result | F1: Actual Result | G1: Pass / Fail | H1: Type (New/Regression) | I1: Notes / Questions
A2: ="LI-"&TEXT(ROW()-1,"000") -> LI-001
A3: ="LI-"&TEXT(ROW()-1,"000") -> LI-002
A4: ="LI-"&TEXT(ROW()-1,"000") -> LI-003
A5: ="LI-"&TEXT(ROW()-1,"000") -> LI-004
A6: ="LI-"&TEXT(ROW()-1,"000") -> LI-005
A7: ="LI-"&TEXT(ROW()-1,"000") -> LI-006
A8: ="LI-"&TEXT(ROW()-1,"000") -> LI-007
A9: ="LI-"&TEXT(ROW()-1,"000") -> LI-008
A10: ="LI-"&TEXT(ROW()-1,"000") -> LI-009
A11: ="LI-"&TEXT(ROW()-1,"000") -> LI-010
A12: Total | G12: =COUNTA(G2:G11)&" of "&COUNTA(A2:A11)&" completed" -> 0 of 10 completed | I12: =SUBTOTAL(103,LiveInfoTests[Notes / Questions]) -> 0

Sheet XC-01 Enquiry Prospect Flow
A1: Test Case ID | B1: Feature / Scenario | C1: Pre-conditions | D1: Test Steps | E1: Expected Result | F1: Actual Result | G1: Pass / Fail | H1: Type (New/Regression) | I1: Notes / Questions
A2: ="XC01-"&TEXT(ROW()-1,"000") -> XC01-001 | B2: Prospect Entry — Deal at NEW, G&D Visibility | C2: Enquiry submitted for a new school. Deal created at stage = NEW. Assigned to Brendan or Laura per state rules. | D2: 1. Verify deal exists at stage = NEW 2. Verify Organisation 2027 Confirmation Status = New Prospect 3. Confirm deal is visible in G&D team pipeline/view | E2: Deal at NEW stage is visible to G&D team. Org = New Prospect. G&D can see all new enquiry deals to action. | H2: New
A3: ="XC01-"&TEXT(ROW()-1,"000") -> XC01-002 | B3: G&D Manual Email — Sent to All Enquiries | C3: Deal at stage = NEW (XC01-001 passed). G&D team member has access. | D3: 1. G&D team member reviews the enquiry and deal 2. G&D sends a manual tailored email to the contact 3. Verify email is received by the contact 4. Deal status remains at NEW at this point | E3: Manual email sent and logged. Deal status = NEW (unchanged). Applies to both ≥500 and <500 student schools. | H3: New
A4: ="XC01-"&TEXT(ROW()-1,"000") -> XC01-003 | B4: ≥500 Students — G&D Nurtures, Deal Stays at NEW | C4: Deal at stage = NEW for a ≥500 student school. G&D has sent manual email (XC01-002 passed). | D4: 1. Verify Number of Students ≥ 500 2. Confirm deal status remains at NEW 3. Verify deal is NOT moved to In Campaign 4. Confirm no automated follow-up emails are triggered | E4: Deal stays at NEW. G&D continues to nurture this prospect manually (high-touch). No automated workflow emails are sent. Deal does not enter the In Campaign automated flow. | H4: New
A5: ="XC01-"&TEXT(ROW()-1,"000") -> XC01-004 | B5: <500 Students — G&D Moves Deal to In Campaign | C5: Deal at stage = NEW for a <500 student school. G&D has sent manual email (XC01-002 passed). | D5: 1. Verify Number of Students < 500 2. G&D moves the deal status from NEW → In Campaign 3. Verify deal status in CRM 4. Verify Expected Close Date is still set (xx weeks from enquiry) | E5: Deal status = In Campaign. Expected Close Date unchanged. This deal now enters the automated follow-up workflow. | H5: New
A6: ="XC01-"&TEXT(ROW()-1,"000") -> XC01-005 | B6: Follow-Up Email 1 — 1 Day After Expected Close Date | C6: Deal at status = In Campaign (<500 students). Expected Close Date has passed by 1 day (~2 weeks + 1 day from enquiry). | D6: 1. Wait until 1 day after the deal Expected Close Date 2. Check contact's email inbox for automated follow-up 3. Verify email content includes CTA to register for Live Info Session 4. Verify email sender and branding | E6: Automated follow-up email sent 1 day after Expected Close Date. Email contains CTA to register for a Live Information Session. Correct branding and sender. | H6: New
A7: ="XC01-"&TEXT(ROW()-1,"000") -> XC01-006 | B7: Follow-Up Email 2 — 23 Days After Expected Close Date | C7: Deal at status = In Campaign. First follow-up sent (XC01-005 passed). 23 days after Expected Close Date (~4 weeks from enquiry). | D7: 1. Wait until 23 days after the deal Expected Close Date 2. Check contact's email inbox for second automated follow-up 3. Verify email content includes CTA to register for Live Info Session 4. Verify it is distinct from the first email | E7: Second automated follow-up email sent 23 days after Expected Close Date. Email contains CTA to register for a Live Information Session. Content is different from the first follow-up. | H7: New
A8: ="XC01-"&TEXT(ROW()-1,"000") -> XC01-007 | B8: Follow-Up Emails — Not Sent If Deal Not In Campaign | C8: Deal exists at stage = NEW (either ≥500 students, or G&D has not yet moved to In Campaign). | D8: 1. Leave deal at stage = NEW 2. Wait past Expected Close Date + 1 day 3. Check contact's email inbox 4. Verify no automated follow-up emails are sent | E8: No automated follow-up emails sent. Workflow only triggers when deal status = In Campaign. | H8: New
A9: ="XC01-"&TEXT(ROW()-1,"000") -> XC01-008 | B9: Live Info Registration — Sales Event Tagged | C9: Contact received follow-up emails with CTA (XC01-005 or XC01-006). Contact clicks CTA and registers for a Live Info Session. | D9: 1. Contact registers for a Live Information Session via the CTA link 2. Open the Organisation in CRM 3. Check 2026 Sales Event field 4. Verify deal status remains active | E9: Organisation 2026 Sales Event = '2026 Live Information Session' (tagged). Deal remains active (not moved to Dormant). | H9: New
A10: ="XC01-"&TEXT(ROW()-1,"000") -> XC01-009 | B10: Dormant — No Action After 30 Days Past Close Date | C10: Deal at status = In Campaign (<500 students). Contact has NOT registered for a Live Info Session. 30+ days past Expected Close Date. | D10: 1. Wait until 30+ days after the deal Expected Close Date 2. Check the deal status in CRM 3. Verify workflow has triggered automatically | E10: Deal status automatically moved to Dormant by workflow. No manual intervention required. | H10: New
A11: ="XC01-"&TEXT(ROW()-1,"000") -> XC01-010 | B11: Dormant — Not Triggered If Live Info Registered | C11: Deal at status = In Campaign. Contact HAS registered for a Live Info Session (XC01-008 passed). 30+ days past Expected Close Date. | D11: 1. Verify contact registered for Live Info Session 2. Wait until 30+ days after Expected Close Date 3. Check the deal status in CRM | E11: Deal is NOT moved to Dormant. Registration for Live Info Session prevents the dormant workflow from triggering. | H11: New
A12: Total | G12: =COUNTA(G2:G11)&" of "&COUNTA(A2:A11)&" completed" -> 0 of 10 completed | I12: =SUBTOTAL(103,EnquiryTests3[Notes / Questions]) -> 0

Sheet XC-02 Lead Flow
A1: Test Case ID | B1: Feature / Scenario | C1: Pre-conditions | D1: Test Steps | E1: Expected Result | F1: Actual Result | G1: Pass / Fail | H1: Type (New/Regression) | I1: Notes / Questions
A2: ="XC02-"&TEXT(ROW()-1,"000") -> XC02-001
A3: ="XC02-"&TEXT(ROW()-1,"000") -> XC02-002
A4: ="XC02-"&TEXT(ROW()-1,"000") -> XC02-003
A5: ="XC02-"&TEXT(ROW()-1,"000") -> XC02-004
A6: ="XC02-"&TEXT(ROW()-1,"000") -> XC02-005
A7: ="XC02-"&TEXT(ROW()-1,"000") -> XC02-006
A8: ="XC02-"&TEXT(ROW()-1,"000") -> XC02-007
A9: ="XC02-"&TEXT(ROW()-1,"000") -> XC02-008
A10: ="XC02-"&TEXT(ROW()-1,"000") -> XC02-009
A11: ="XC02-"&TEXT(ROW()-1,"000") -> XC02-010
A12: Total | G12: =COUNTA(G2:G11)&" of "&COUNTA(A2:A11)&" completed" -> 0 of 10 completed | I12: =SUBTOTAL(103,EnquiryTests4[Notes / Questions]) -> 0
